x,y,terrain
12,14,firm
25,23,firm
15,3,firm
3,19,firm
23,25,firm
6,0,firm
1,25,firm
22,8,firm
2,27,firm
2,18,firm
23,1,firm
25,5,firm
27,22,firm
11,15,firm
6,22,firm
9,27,firm
15,4,firm
21,1,firm
12,4,firm
3,15,firm
13,4,firm
10,1,firm
19,0,firm
1,13,firm
11,14,firm
5,21,firm
1,17,firm
25,0,firm
8,26,firm
18,3,firm
16,14,rough
2,23,rough
21,9,rough
4,23,rough
3,1,rough
27,17,rough
17,15,rough
25,13,rough
23,13,rough
15,27,rough
21,11,rough
13,5,rough
22,9,rough
6,16,rough
16,27,rough
8,23,rough
24,11,rough
19,14,rough
15,16,rough
21,12,rough
17,12,rough
3,14,rough
22,22,rough
6,21,rough
9,4,rough
21,18,rough
0,24,rough
2,20,rough
16,16,rough
24,19,rough
1,6,sand
3,9,sand
15,9,sand
17,25,sand
9,18,sand
14,25,sand
17,21,sand
4,11,sand
14,24,sand
14,11,sand
18,22,sand
3,5,sand
18,19,sand
15,20,sand
8,7,sand
14,20,sand
18,18,sand
3,10,sand
9,10,sand
17,20,sand
5,4,sand
7,9,sand
10,9,sand
16,21,sand
8,20,sand
12,11,sand
11,8,sand
14,7,sand
15,26,sand
9,13,sand
